currency,country
brl,Brazil
clp,Chile
cny,China
cop,Colombia
czk,Czech Republic
egp,Egypt
huf,Hungary
inr,India
idr,Indonesia
myr,Malaysia
mxn,Mexico
pen,Peru
php,Philippines
pln,Poland
ron,Romania
rub,Russia
zar,South Africa
thb,Thailand
try,Turkey
,
,
,
,
,
,
,
,
,
,
,
,
,
,
,
,
,
,
,
,
,
,
,
,
,
,
,
,
,
,
,
,
,
,
,
,
,
,
,
,
,
,
,
,
,
,
,
,
,
,
,
,
,
,
,
,
,
,
,
,
,
,
,
,
,
,
,
,
,
,
,
,
,
,
,
,
,
,
,
,
,
,
,
,
,
,
,
,
,
,
,
,
,
,
,
,
,
,
,
,
,
,
,
,
,
,
,
,
,
,
,
,
,
,
,
,
,
,
,
,
,
,
,
,
,
,
,
,
,
,
,
,
,
,
,
,
,
,
,
,
,
,
,
,
,
,
,
,
,
,
,
,
,
,
,
,
,
,
,
,
,
,
,
,
,
,
,
,